{"components":{"DirectionalLightComponent":{"m_Color.x":0.78431367874145508,"m_Color.y":0.65882349014282227,"m_Color.z":0.48235291242599487},"TransformComponent":{"mParentUniqueID":0,"mPosition.w":1,"mPosition.x":-4.9000000953674316,"mPosition.y":0,"mPosition.z":0,"mRotate.w":1,"mRotate.x":0.69999998807907104,"mRotate.y":-0.20000000298023224,"mRotate.z":0,"mScale.w":1,"mScale.x":1,"mScale.y":1,"mScale.z":1}},"mName":"Light","mUniqueID":588}