{"components":{"CameraComponent":{},"ScriptComponent":{"mClassName":"CameraScript"},"TransformComponent":{"mParentUniqueID":98,"mPosition.w":0,"mPosition.x":1.8156925439834595,"mPosition.y":-3.4041852951049805,"mPosition.z":3.3338837623596191,"mRotate.w":0.31662935018539429,"mRotate.x":-0.54830557107925415,"mRotate.y":-0.727283775806427,"mRotate.z":-0.26488706469535828,"mScale.w":1,"mScale.x":2,"mScale.y":1.9999997615814209,"mScale.z":1.9999997615814209}},"mName":"MainCamera","mUniqueID":1}